{"total_com_all": 0.13514909507445624, "total_neg_all": 0.05895395189003433, "total_pos_all": 0.1401816723940435, "total_neu_all": 0.1401816723940435}