{"total_com_all": -0.11, "total_neg_all": 0.10771428571428572, "total_pos_all": 0.023857142857142858, "total_neu_all": 0.8684285714285715}